{"cameraMode":{"drawMode":0,"name":"Shaded","section":"Shading Mode"},"sceneLighting":true,"audioPlay":false,"sceneViewState":{"showFog":true,"showMaterialUpdate":false,"showSkybox":true,"showFlares":true,"showImageEffects":true,"showParticleSystems":true},"in2DMode":false,"pivot":{"x":-0.145380437374115,"y":-0.1329958438873291,"z":3.9858593940734865},"rotation":{"x":0.2420722097158432,"y":-0.0014549307525157929,"z":0.00036342444946058095,"w":0.9702656269073486},"size":2.3702893257141115,"orthographic":false}