{"cameraMode":{"drawMode":0,"name":"Shaded","section":"Shading Mode"},"sceneLighting":false,"audioPlay":false,"sceneViewState":{"showFog":true,"showMaterialUpdate":false,"showSkybox":false,"showFlares":true,"showImageEffects":true,"showParticleSystems":true},"in2DMode":false,"pivot":{"x":-0.6986842155456543,"y":2.9277760982513429,"z":3.0214316844940187},"rotation":{"x":0.0648210346698761,"y":-0.12688319385051728,"z":0.008309994824230671,"w":0.9897641539573669},"size":1.5641744136810303,"orthographic":false}